Prueba,Burbuja,Mezcla,Rapido,Shell,Monticulos,Seleccion
1,600,3400,400,400,600,400
2,200,3500,300,300,600,500
3,500,3500,400,500,500,200
4,200,1300,200,200,500,200
5,300,1300,300,400,500,400
6,300,1400,400,300,300,200
7,400,1300,400,300,300,400
8,200,1300,500,300,400,300
9,300,1500,300,300,300,100
10,300,1400,400,300,300,300
11,300,700,200,200,200,200
12,200,800,200,200,200,200
13,300,700,200,200,400,200
14,100,900,200,200,300,200
15,200,900,300,300,200,200
16,300,900,300,200,200,200
17,200,800,100,200,200,100
18,200,700,100,200,200,200
19,100,700,200,100,200,100
20,200,700,100,200,100,100
21,100,700,300,300,300,200
22,300,800,300,300,200,200
23,200,700,100,200,200,100
24,100,700,200,200,200,200
25,100,700,200,200,200,100
26,200,800,100,300,200,200
27,200,700,200,100,300,100
28,100,800,200,200,200,200
29,200,700,300,100,200,200
30,100,800,200,200,100,200
31,200,800,200,200,300,200
32,200,800,200,200,300,100
33,300,700,200,200,300,100
34,100,700,200,100,200,100
35,200,800,300,200,200,200
36,200,700,200,100,100,200
37,300,700,100,200,200,200
38,100,600,200,200,100,100
39,200,800,200,200,200,200
40,200,700,200,200,200,200
41,200,700,200,300,200,200
42,200,700,100,100,200,100
43,200,700,200,200,200,200
44,100,700,200,200,200,100
45,100,800,200,100,200,200
46,100,700,100,200,100,200
47,200,800,200,300,200,200
48,100,700,200,200,200,200
49,200,700,300,300,300,200
50,100,700,200,200,200,100
51,200,700,200,200,200,100
52,200,700,200,200,200,200
53,200,700,200,200,200,200
54,200,800,200,200,200,200
55,200,600,200,200,100,100
56,200,700,200,300,200,200
57,200,800,200,200,200,100
58,200,700,300,200,300,200
59,200,700,100,200,200,200
60,200,700,300,200,300,200
61,200,700,200,200,200,100
62,200,700,100,300,300,100
63,200,700,200,200,200,200
64,200,700,200,200,100,200
65,200,800,200,200,300,200
66,200,800,100,100,100,100
67,200,800,200,100,100,100
68,100,700,100,200,200,100
69,100,800,200,100,200,200
70,200,800,200,300,100,100
71,100,600,200,200,200,100
72,100,800,100,100,200,0
73,100,700,200,300,200,100
74,200,800,200,200,200,200
75,200,600,100,200,200,200
76,200,700,200,300,200,100
77,100,700,100,100,300,200
78,100,700,200,100,200,100
79,200,800,100,200,200,200
80,100,800,200,200,300,200
81,100,700,200,100,200,100
82,100,800,200,100,200,100
83,200,600,200,100,100,0
84,200,700,100,100,200,100
85,100,800,200,200,200,200
86,200,800,200,200,300,200
87,200,800,200,200,100,100
88,100,600,100,100,100,100
89,200,700,200,200,200,200
90,200,700,100,200,300,200
91,200,600,100,200,200,100
92,100,700,100,200,200,100
93,200,800,200,200,200,200
94,100,800,200,100,200,200
95,100,700,100,200,200,200
96,100,600,100,100,100,100
97,100,700,200,100,100,200
98,100,700,200,100,100,100
99,100,600,200,300,200,200
100,200,700,100,200,200,100
101,200,600,100,200,200,200
102,200,700,100,100,100,100
103,100,700,100,100,200,100
104,200,700,100,200,100,200
105,200,700,100,100,200,100
106,200,600,100,100,200,100
107,200,700,100,100,200,200
108,200,700,100,200,100,100
109,100,700,200,100,200,100
110,200,700,200,300,200,200
111,200,800,200,100,200,100
112,200,700,200,100,100,100
113,200,700,100,200,300,200
114,100,700,100,100,200,100
115,100,800,100,100,200,100
116,100,700,200,100,100,100
117,200,700,200,100,200,100
118,100,800,200,100,200,200
119,100,700,100,100,100,0
120,200,700,200,200,200,200
121,200,800,100,200,300,100
122,200,800,100,200,100,100
123,100,700,200,200,100,100
124,200,800,100,200,200,100
125,100,600,200,100,200,100
126,200,700,100,200,200,100
127,100,700,200,100,200,100
128,100,700,200,100,200,200
129,200,700,100,100,200,100
130,200,700,200,200,200,100
131,200,800,200,100,200,100
132,200,700,100,300,300,200
133,100,600,100,100,200,100
134,200,700,200,200,200,0
135,200,700,200,200,200,100
136,100,700,100,100,200,100
137,100,800,200,100,200,100
138,100,600,200,200,200,100
139,100,800,200,200,100,100
140,100,700,200,300,200,200
141,100,700,0,100,200,100
142,200,700,200,200,200,200
143,100,700,200,100,100,100
144,100,700,200,200,200,200
145,200,800,100,100,200,200
146,200,700,200,200,200,200
147,200,800,100,200,200,200
148,200,800,200,200,300,100
149,200,700,100,100,100,0
150,100,700,200,100,100,100
151,100,700,100,100,100,100
152,100,700,100,100,100,100
153,200,800,200,200,300,100
154,200,700,100,300,200,100
155,200,800,100,100,200,100
156,200,700,200,200,200,100
157,200,700,100,100,100,100
158,100,800,200,100,200,100
159,200,800,200,200,100,100
160,100,700,100,100,100,200
161,200,700,100,200,200,300
162,100,700,100,100,100,0
163,100,700,200,200,200,200
164,100,800,300,200,200,200
165,200,800,200,100,100,200
166,200,700,100,0,100,100
167,100,600,100,100,100,0
168,100,700,200,200,300,100
169,100,700,200,0,200,200
170,200,700,100,100,100,100
171,200,700,100,200,200,200
172,200,700,100,100,100,0
173,100,700,100,100,200,100
174,200,700,200,100,100,100
175,100,700,200,200,100,200
176,100,600,100,100,200,0
177,200,700,100,200,200,100
178,100,700,100,100,200,100
179,100,600,100,100,100,100
180,200,700,100,100,100,100
181,200,700,300,200,300,200
182,200,700,100,200,300,200
183,100,700,200,0,200,100
184,100,800,200,200,200,100
185,100,700,100,100,100,200
186,200,800,200,200,200,200
187,100,700,100,200,100,200
188,100,800,100,200,200,100
189,100,700,100,200,100,100
190,100,700,100,100,100,200
191,200,600,200,100,300,100
192,200,800,200,200,200,100
193,200,800,200,100,200,100
194,100,700,300,100,100,100
195,100,700,100,200,200,200
196,100,700,100,100,100,100
197,200,700,200,300,200,200
198,200,800,200,200,200,200
199,200,700,200,200,200,200
200,200,800,100,100,200,200
201,100,800,100,200,200,100
202,0,800,200,100,100,100
203,100,700,100,100,100,100
204,200,700,100,200,200,200
205,100,700,200,200,200,200
206,200,700,200,200,100,200
207,200,700,100,200,300,200
208,200,800,200,100,200,0
209,200,800,100,200,200,200
210,100,700,200,100,200,100
211,100,600,100,200,100,100
212,200,700,100,100,100,100
213,100,700,200,200,200,200
214,200,700,100,300,300,200
215,200,700,100,200,200,100
216,100,700,200,100,200,200
217,200,800,200,100,200,100
218,100,600,100,100,100,100
219,200,800,200,200,100,200
220,200,700,100,0,100,100
221,100,700,100,300,200,100
222,200,700,100,200,200,100
223,100,700,200,0,200,100
224,200,700,100,100,200,200
225,100,800,200,200,200,200
226,100,700,100,100,100,200
227,200,700,200,100,200,100
228,200,700,200,100,300,100
229,100,600,100,100,100,100
230,200,700,100,100,100,0
231,100,700,100,100,200,200
232,200,700,100,100,100,100
233,200,700,100,100,200,200
234,200,700,200,200,300,200
235,100,600,100,100,200,0
236,200,800,200,200,200,100
237,200,700,100,100,200,200
238,200,700,200,200,200,100
239,200,700,100,200,200,100
240,200,700,200,100,100,100
241,200,700,100,200,200,100
242,100,700,100,100,200,100
243,100,700,200,100,200,100
244,200,700,100,100,100,100
245,200,800,100,200,200,0
246,100,700,200,100,200,100
247,100,700,100,100,200,100
248,200,700,100,200,200,100
249,200,700,100,200,100,200
250,100,600,100,100,100,0
251,100,700,100,100,200,200
252,100,700,100,100,200,100
253,200,800,100,200,100,100
254,200,600,100,100,100,100
255,200,800,200,100,200,100
256,200,700,200,200,100,100
257,200,800,100,0,200,100
258,200,700,100,200,300,200
259,200,700,100,100,100,100
260,100,700,200,200,200,100
261,200,700,200,100,200,100
262,200,800,100,100,200,200
263,100,700,100,100,200,200
264,100,600,100,100,100,100
265,100,700,200,200,200,100
266,100,700,200,200,200,100
267,200,700,200,300,6100,100
268,200,800,200,100,200,100
269,100,700,100,200,200,100
270,200,700,200,100,300,200
271,200,800,100,100,200,0
272,200,800,100,100,100,100
273,200,700,100,100,100,100
274,200,800,200,100,200,100
275,200,800,200,200,200,100
276,100,700,200,300,300,100
277,200,600,200,200,100,0
278,100,700,100,100,200,200
279,100,800,200,300,200,100
280,100,700,200,0,100,100
281,200,700,200,100,100,100
282,100,700,100,100,200,200
283,200,700,100,200,200,100
284,200,600,100,200,200,100
285,100,700,100,100,200,100
286,200,600,100,100,100,100
287,100,700,200,200,100,100
288,200,600,200,200,200,200
289,200,800,200,200,100,100
290,300,700,200,100,200,100
291,200,700,100,0,100,100
292,200,700,100,100,200,100
293,100,700,200,300,200,0
294,100,700,100,100,100,100
295,200,700,200,200,200,100
296,100,700,100,100,200,200
297,200,800,200,100,100,100
298,200,700,100,100,100,100
299,200,700,100,100,100,100
300,200,700,100,100,100,100
301,100,700,200,200,100,100
302,200,700,200,100,100,100
303,200,700,200,200,100,100
304,100,700,200,100,100,100
305,300,700,200,200,200,100
306,200,800,100,200,200,0
307,100,800,200,100,200,100
308,100,700,100,100,200,100
309,200,700,100,200,100,100
310,200,700,100,100,200,100
311,100,600,200,200,200,100
312,200,700,200,200,200,100
313,200,700,100,200,100,100
314,200,700,100,200,200,100
315,100,700,100,100,100,100
316,200,700,100,200,200,100
317,100,700,200,200,200,200
318,200,700,200,200,100,100
319,100,800,100,100,200,100
320,200,700,100,100,100,100
321,100,600,200,200,100,100
322,200,700,200,200,200,200
323,100,700,100,100,100,100
324,100,700,200,0,100,100
325,100,600,100,200,100,0
326,200,700,200,100,100,100
327,100,800,200,100,100,100
328,200,600,200,200,200,100
329,100,700,100,200,100,100
330,200,800,100,100,200,100
331,200,700,100,100,100,100
332,200,700,200,200,200,200
333,200,700,200,100,200,0
334,100,700,200,100,100,100
335,200,700,100,200,200,200
336,100,700,200,200,100,0
337,100,700,100,0,100,100
338,100,700,200,100,200,100
339,200,700,100,100,100,100
340,100,700,100,200,300,100
341,200,700,100,200,200,200
342,200,700,100,100,100,0
343,100,700,100,200,100,100
344,100,700,100,0,200,100
345,200,600,200,200,300,100
346,100,600,200,100,100,100
347,200,700,100,100,200,100
348,200,700,100,200,200,200
349,100,800,200,100,200,100
350,200,800,100,100,200,200
351,200,700,200,300,200,100
352,200,800,100,100,200,100
353,200,700,200,200,100,100
354,200,700,100,200,200,100
355,100,800,100,100,100,100
356,100,700,200,100,100,100
357,200,700,100,200,200,100
358,200,700,200,200,100,100
359,100,600,100,100,100,0
360,100,700,200,100,200,100
361,200,700,100,200,200,100
362,200,700,200,200,100,100
363,100,600,100,200,100,100
364,300,700,200,200,200,100
365,200,700,100,200,200,100
366,200,800,300,200,200,200
367,200,700,100,200,200,100
368,100,600,200,200,100,100
369,200,800,100,100,100,100
370,100,800,200,200,100,100
371,100,800,200,100,100,100
372,200,600,200,200,100,100
373,100,700,200,200,200,100
374,100,600,200,100,100,100
375,100,600,100,100,100,100
376,100,800,200,200,200,200
377,200,700,100,200,200,200
378,100,700,200,100,200,200
379,200,700,200,200,200,100
380,100,700,100,100,100,0
381,200,600,100,200,100,100
382,200,800,200,100,200,100
383,100,700,100,100,100,100
384,100,700,200,200,200,0
385,100,700,200,100,100,100
386,200,700,100,100,100,100
387,100,700,200,200,100,100
388,200,700,100,100,100,100
389,200,700,100,100,200,100
390,200,600,100,100,100,100
391,200,700,200,100,200,200
392,200,600,100,100,100,0
393,100,700,100,0,200,100
394,100,700,100,200,200,100
395,100,600,100,100,200,100
396,100,700,100,100,100,100
397,200,700,200,100,100,100
398,100,700,200,200,100,100
399,100,700,200,200,200,100
400,100,700,200,100,100,100
401,200,700,200,100,100,100
402,200,700,200,200,100,100
403,100,600,200,100,100,100
404,100,700,200,100,200,100
405,100,700,100,200,100,0
406,100,700,200,100,100,100
407,100,700,100,100,100,100
408,200,700,100,100,100,0
409,100,800,200,100,200,100
410,100,700,200,200,100,100
411,100,600,100,100,100,0
412,100,700,100,100,100,100
413,100,700,100,0,100,100
414,100,700,200,100,100,100
415,200,700,100,200,100,100
416,200,700,200,100,100,100
417,100,700,200,200,200,100
418,100,600,100,100,100,100
419,200,700,200,200,100,100
420,200,600,200,100,200,0
421,100,700,200,100,100,0
422,100,700,100,100,100,100
423,100,600,200,200,200,100
424,200,600,100,100,100,100
425,100,700,200,100,200,100
426,200,600,100,100,100,100
427,200,600,100,200,100,100
428,100,800,200,100,100,0
429,100,800,200,200,200,100
430,100,700,200,100,100,100
431,100,600,100,100,200,0
432,200,700,200,200,200,100
433,100,600,200,100,100,100
434,300,700,100,100,100,100
435,100,700,200,200,100,100
436,200,700,100,100,200,100
437,100,700,100,200,100,100
438,200,800,200,100,200,300
439,200,1200,300,100,200,200
440,300,1200,200,100,300,100
441,200,1100,300,200,200,200
442,200,1100,200,200,300,100
443,200,1200,300,200,300,200
444,100,900,200,200,300,100
445,100,1600,200,100,200,100
446,200,1200,100,100,300,100
447,200,1100,200,100,400,200
448,200,1000,200,200,300,200
449,200,1100,200,200,200,200
450,200,1200,200,200,200,100
451,200,1400,100,200,300,100
452,300,1300,200,200,300,200
453,200,1300,200,200,300,100
454,200,1300,200,100,200,200
455,200,1400,200,100,300,100
456,200,1500,300,200,300,200
457,100,1200,200,200,200,200
458,200,900,200,100,100,100
459,100,700,100,100,200,0
460,100,800,200,100,200,100
461,100,600,200,100,100,200
462,100,700,100,100,100,100
463,100,700,100,100,200,100
464,200,700,200,200,200,200
465,200,700,100,200,100,100
466,100,700,200,100,200,200
467,200,700,100,100,300,100
468,100,700,200,200,100,200
469,100,600,200,200,200,100
470,100,600,200,300,200,200
471,100,700,100,0,100,100
472,200,600,100,100,200,200
473,200,600,100,100,200,100
474,100,700,100,100,200,100
475,200,800,100,100,200,100
476,100,700,100,0,100,200
477,100,700,100,200,200,200
478,100,700,100,100,100,100
479,200,700,200,100,100,0
480,200,700,100,200,200,200
481,200,700,100,100,200,200
482,100,600,200,200,200,200
483,200,800,100,100,100,200
484,200,700,100,100,200,100
485,100,600,100,100,100,100
486,100,700,100,100,100,100
487,200,700,100,100,100,200
488,200,700,200,100,200,200
489,100,800,200,100,100,100
490,100,700,200,100,100,200
491,200,600,100,200,200,0
492,100,700,100,100,100,100
493,200,800,200,0,100,100
494,200,600,100,100,200,100
495,200,700,100,100,200,100
496,100,700,200,100,100,100
497,100,700,100,100,200,100
498,100,600,100,100,200,100
499,200,700,200,100,100,100
500,200,800,100,100,100,100
501,100,700,200,200,200,100
502,100,700,200,100,100,100
503,200,700,100,200,200,300
504,200,700,100,100,200,100
505,200,700,100,100,100,100
506,100,700,200,100,100,100
507,100,800,100,100,100,100
508,200,700,100,100,100,100
509,100,800,200,200,200,100
510,100,700,100,100,100,100
511,200,700,100,100,100,100
512,200,700,100,100,100,200
513,200,800,200,100,200,0
514,100,700,100,100,100,100
515,300,800,100,100,200,100
516,200,800,200,100,200,0
517,100,700,100,100,200,200
518,100,700,200,100,100,100
519,200,800,200,100,200,200
520,200,700,200,100,100,100
521,200,700,100,100,100,100
522,100,700,200,0,100,100
523,200,700,200,200,300,200
524,100,700,200,100,100,100
525,200,700,100,100,200,100
526,100,800,200,200,200,100
527,200,800,100,100,200,100
528,100,700,200,100,200,200
529,200,700,200,100,200,0
530,100,700,100,100,100,100
531,200,700,200,200,200,0
532,100,700,100,200,100,100
533,200,700,100,100,100,100
534,100,700,100,0,100,100
535,200,700,100,100,100,100
536,200,600,200,200,200,200
537,100,700,100,200,200,200
538,200,700,200,100,200,100
539,200,700,100,0,100,100
540,200,700,100,100,100,100
541,200,700,100,100,200,100
542,300,700,100,200,100,100
543,100,800,200,100,200,100
544,100,700,200,100,200,100
545,200,700,100,100,200,100
546,200,700,100,100,200,100
547,200,800,200,0,100,100
548,200,800,100,100,200,200
549,200,700,100,100,200,200
550,100,700,200,100,100,100
551,100,700,100,100,100,100
552,200,700,100,100,100,100
553,200,700,100,100,100,100
554,200,600,100,0,100,100
555,200,700,200,200,200,100
556,100,700,200,0,200,100
557,200,800,200,100,100,100
558,100,700,100,100,200,200
559,100,700,100,100,100,100
560,200,700,200,100,200,100
561,100,700,100,0,200,0
562,200,700,100,100,100,100
563,200,700,100,100,100,100
564,200,700,200,100,300,200
565,200,700,100,100,200,200
566,200,800,200,100,100,100
567,100,700,100,100,200,0
568,100,700,100,200,100,200
569,200,700,100,100,100,100
570,100,600,100,300,200,100
571,200,800,200,100,200,100
572,100,700,100,100,100,100
573,100,700,100,100,100,100
574,200,600,100,200,200,200
575,100,700,100,200,200,100
576,100,700,100,100,100,200
577,200,800,200,100,200,100
578,100,700,100,100,100,100
579,100,600,100,200,300,200
580,100,700,200,100,200,200
581,100,600,100,100,100,100
582,200,700,100,100,100,100
583,100,700,100,100,200,100
584,100,700,100,100,300,100
585,100,600,100,200,200,100
586,100,600,200,200,200,100
587,200,600,100,100,200,0
588,200,700,200,100,200,100
589,100,800,100,200,100,100
590,100,700,100,100,200,100
591,100,800,100,100,100,100
592,100,700,100,100,100,100
593,100,700,200,200,200,200
594,100,800,100,100,300,100
595,200,700,100,100,100,0
596,100,600,100,100,200,100
597,100,600,200,100,100,100
598,100,700,200,100,100,100
599,100,700,100,200,200,100
600,100,800,200,0,200,100
601,200,700,200,100,100,100
602,100,600,100,100,100,100
603,200,600,200,100,200,100
604,200,700,100,200,100,100
605,100,600,100,0,100,100
606,200,700,100,100,100,100
607,100,700,100,300,200,100
608,100,700,100,100,200,100
609,100,800,100,100,300,200
610,100,600,100,100,200,100
611,100,700,100,100,100,100
612,200,800,100,100,200,200
613,100,700,100,0,100,100
614,100,600,100,200,200,200
615,100,700,100,100,100,200
616,200,800,200,200,200,100
617,100,700,100,100,200,200
618,100,700,100,100,100,100
619,100,700,100,100,100,100
620,300,800,100,100,100,100
621,100,700,100,200,100,100
622,200,800,200,100,200,100
623,100,700,200,100,100,100
624,200,700,100,100,300,200
625,200,700,200,100,200,200
626,200,700,100,100,200,100
627,200,700,100,200,200,200
628,200,700,100,100,100,200
629,200,700,100,100,100,200
630,100,700,200,100,200,0
631,200,700,100,100,100,100
632,200,600,200,200,200,200
633,100,700,200,100,200,100
634,200,800,100,100,100,100
635,100,700,100,0,100,100
636,100,700,200,100,100,0
637,200,700,100,100,100,100
638,100,700,100,100,200,200
639,200,700,100,100,200,0
640,100,800,200,100,200,100
641,200,800,200,200,100,200
642,100,700,100,100,200,100
643,100,700,100,0,100,200
644,100,600,100,100,100,100
645,200,700,100,0,100,100
646,200,700,100,100,200,100
647,200,700,100,100,100,100
648,100,700,200,200,100,100
649,200,600,100,100,300,100
650,200,800,100,200,200,100
651,100,700,100,100,200,100
652,100,700,100,100,100,100
653,200,800,100,0,200,200
654,100,800,100,100,200,100
655,100,700,100,100,100,100
656,100,700,100,100,200,100
657,200,700,100,0,100,200
658,200,800,100,100,200,0
659,100,700,100,0,100,100
660,200,700,200,100,100,100
661,200,700,200,100,200,100
662,100,600,100,100,100,0
663,100,700,100,100,100,200
664,200,700,100,200,200,0
665,200,600,200,200,200,100
666,100,600,100,100,200,100
667,200,700,200,100,200,100
668,100,800,100,100,100,100
669,200,700,100,100,100,100
670,200,600,100,100,100,100
671,100,700,100,200,200,100
672,200,700,200,100,100,100
673,100,700,200,100,200,100
674,100,600,100,100,200,100
675,200,600,200,100,200,100
676,100,700,100,100,100,100
677,200,600,100,100,100,100
678,200,700,200,100,100,100
679,100,700,200,100,200,200
680,100,700,100,100,100,100
681,100,700,200,100,200,100
682,100,700,100,200,200,100
683,100,700,100,100,200,100
684,200,700,100,200,100,200
685,200,700,100,100,100,100
686,200,700,100,100,200,100
687,200,800,100,100,200,0
688,200,600,200,100,100,100
689,200,600,200,200,100,100
690,200,800,200,100,200,100
691,200,700,200,0,100,100
692,200,700,100,200,200,200
693,100,800,200,100,100,100
694,100,700,100,100,200,0
695,100,700,200,200,200,200
696,200,700,100,100,100,0
697,100,700,200,100,200,100
698,200,700,100,200,100,100
699,200,800,200,100,100,100
700,200,600,100,100,200,200
701,200,700,200,100,100,200
702,100,700,200,100,100,100
703,100,700,200,100,200,100
704,100,700,100,100,100,100
705,100,700,200,100,100,0
706,100,700,200,100,200,100
707,100,700,100,100,200,0
708,100,600,100,100,100,100
709,200,700,100,100,100,100
710,100,700,100,100,100,100
711,200,700,200,0,100,100
712,200,700,200,100,200,200
713,200,700,200,100,200,0
714,100,700,200,100,100,100
715,200,700,200,100,100,100
716,200,600,100,0,200,100
717,200,700,100,200,200,100
718,100,800,200,200,100,200
719,100,600,100,100,200,100
720,100,600,100,100,200,100
721,200,700,100,100,100,100
722,100,700,200,100,100,100
723,200,700,100,100,100,100
724,100,600,200,200,200,100
725,100,700,100,100,200,200
726,200,700,100,100,100,100
727,200,700,100,0,100,100
728,100,700,200,100,100,200
729,200,700,200,100,100,100
730,200,700,200,200,200,100
731,100,700,100,100,100,200
732,200,800,200,200,100,100
733,100,700,100,0,100,100
734,200,600,200,100,100,200
735,200,700,100,0,100,100
736,100,700,100,100,200,100
737,200,700,100,100,100,100
738,100,700,200,100,100,100
739,100,700,0,100,100,100
740,100,700,100,100,100,200
741,100,800,100,100,200,100
742,100,800,100,100,200,200
743,100,700,100,100,200,100
744,100,700,100,200,100,100
745,100,700,100,100,100,0
746,100,700,100,100,200,100
747,100,700,100,100,100,100
748,200,800,100,100,100,100
749,200,800,100,100,100,100
750,100,700,100,100,200,100
751,100,600,200,100,200,100
752,200,700,100,100,100,200
753,100,700,100,100,100,100
754,200,800,200,0,100,100
755,200,700,100,100,200,100
756,100,700,100,100,100,100
757,200,800,200,100,200,100
758,200,700,100,100,100,100
759,200,700,100,200,200,100
760,200,700,100,100,100,100
761,100,700,100,100,100,100
762,200,700,100,100,200,100
763,200,700,200,200,200,100
764,100,700,200,100,200,200
765,100,800,200,100,100,0
766,100,600,200,200,200,100
767,200,800,200,100,200,200
768,200,700,100,100,100,100
769,100,600,200,200,200,200
770,200,700,100,100,200,100
771,200,800,200,100,200,200
772,100,700,100,100,100,100
773,100,700,100,200,100,100
774,200,700,100,200,200,100
775,100,700,100,100,200,100
776,200,800,200,100,200,100
777,100,700,200,100,100,100
778,200,800,100,200,200,100
779,200,600,100,100,100,100
780,100,700,100,100,100,100
781,200,800,200,100,200,100
782,100,700,200,100,100,200
783,100,700,200,100,100,100
784,200,700,100,100,200,100
785,200,700,100,100,200,0
786,100,700,100,0,100,100
787,200,600,100,100,100,100
788,200,700,200,200,200,100
789,100,700,100,100,200,100
790,200,800,200,200,100,0
791,100,700,0,100,100,100
792,200,700,100,100,100,100
793,100,700,100,100,100,100
794,100,700,100,100,100,100
795,100,700,100,200,200,100
796,100,700,100,100,100,100
797,200,800,100,100,200,100
798,200,600,200,200,200,100
799,200,700,100,100,100,100
800,200,600,100,100,100,100
801,100,700,100,100,200,100
802,100,700,200,100,200,200
803,200,800,200,0,100,100
804,200,700,200,100,100,100
805,100,700,100,100,100,100
806,100,700,200,100,100,100
807,200,600,100,100,100,100
808,100,700,100,100,200,100
809,200,700,100,200,100,100
810,200,700,100,100,200,100
811,100,700,100,100,100,100
812,200,700,100,100,100,200
813,100,700,100,100,200,100
814,200,700,100,100,100,100
815,200,600,100,0,100,100
816,100,700,100,100,100,100
817,100,700,100,100,100,100
818,200,700,100,0,300,100
819,100,600,100,0,100,200
820,200,700,100,100,100,100
821,100,600,200,200,100,100
822,100,600,100,100,100,100
823,200,600,200,200,200,0
824,100,700,100,200,200,200
825,200,700,100,100,100,100
826,200,800,200,100,200,100
827,200,700,100,100,100,100
828,100,700,100,100,100,100
829,100,700,100,100,100,100
830,100,700,200,100,200,200
831,100,700,100,0,200,100
832,100,700,100,100,100,100
833,100,800,100,100,100,100
834,200,700,100,200,200,100
835,200,600,100,100,200,200
836,100,700,100,100,200,100
837,100,700,100,100,100,100
838,100,700,200,100,200,100
839,300,700,200,100,200,100
840,200,700,200,100,100,200
841,200,600,100,100,200,0
842,100,600,100,200,200,100
843,200,700,200,0,200,100
844,200,700,100,100,100,100
845,200,700,200,100,200,100
846,200,700,100,100,200,200
847,200,700,200,200,200,200
848,200,700,100,100,100,200
849,200,800,200,100,100,100
850,100,700,100,200,200,200
851,200,800,100,100,300,0
852,200,700,100,100,200,100
853,200,700,100,100,100,200
854,200,800,200,0,100,100
855,200,700,100,100,200,200
856,100,700,100,200,100,200
857,200,700,100,100,100,100
858,200,800,200,100,200,100
859,100,700,100,200,200,100
860,100,700,100,100,100,100
861,200,700,100,100,100,200
862,100,700,100,100,100,100
863,100,700,200,100,100,200
864,100,600,100,200,200,100
865,200,700,100,100,100,100
866,200,600,100,0,100,0
867,100,700,100,100,100,200
868,100,600,200,100,200,300
869,100,600,100,100,200,100
870,200,700,200,200,100,100
871,200,600,100,100,200,100
872,200,800,100,100,100,100
873,100,700,100,100,200,200
874,100,700,200,100,200,100
875,100,700,200,100,200,100
876,200,700,100,100,200,100
877,100,700,200,100,100,200
878,200,700,100,100,100,200
879,200,700,200,100,300,200
880,200,700,100,100,200,100
881,100,700,100,100,200,100
882,100,700,100,200,200,100
883,100,700,200,200,100,100
884,100,600,200,100,100,0
885,200,700,100,0,100,100
886,100,700,100,100,100,100
887,100,700,200,100,100,100
888,100,600,100,100,100,100
889,100,700,200,100,100,100
890,200,700,100,0,100,100
891,300,700,200,200,200,200
892,100,600,100,0,100,100
893,200,700,100,100,200,200
894,200,700,100,100,200,100
895,200,700,200,100,100,100
896,100,700,100,100,200,100
897,200,600,200,100,200,200
898,100,700,100,200,100,200
899,100,700,100,0,100,100
900,200,700,100,100,100,100
901,200,600,100,100,100,100
902,100,700,200,100,200,100
903,200,700,200,200,100,0
904,200,700,100,100,100,100
905,200,600,100,100,200,100
906,100,700,200,100,100,100
907,100,700,100,100,200,100
908,100,700,200,200,200,100
909,100,700,200,100,100,0
910,100,600,100,100,100,100
911,200,700,100,200,100,100
912,100,600,100,0,200,200
913,200,700,100,100,100,100
914,100,700,200,0,100,100
915,200,600,200,100,200,100
916,100,700,100,100,200,100
917,100,700,200,100,100,100
918,200,600,100,100,100,200
919,200,700,100,100,100,100
920,100,700,100,100,200,100
921,200,800,100,100,100,100
922,200,700,100,100,100,100
923,200,600,200,100,100,100
924,200,800,200,100,200,200
925,200,700,200,0,100,100
926,200,700,100,100,200,100
927,100,700,100,100,200,200
928,200,700,200,100,200,0
929,200,600,100,100,200,0
930,100,700,200,100,100,100
931,200,700,100,100,100,100
932,0,700,200,100,100,200
933,200,700,100,100,200,100
934,100,600,100,100,100,200
935,200,700,100,100,200,100
936,200,700,100,100,100,100
937,200,600,100,100,200,100
938,200,700,100,100,100,100
939,100,700,100,200,300,100
940,100,700,100,100,200,200
941,200,600,100,100,100,100
942,200,800,200,100,200,100
943,100,700,100,100,100,100
944,200,700,100,100,100,100
945,200,700,100,200,100,100
946,100,600,100,100,200,200
947,200,700,200,100,200,200
948,200,800,100,200,200,200
949,200,700,200,0,300,200
950,100,700,100,100,100,100
951,100,700,200,100,300,100
952,200,700,100,100,100,0
953,200,600,100,100,200,200
954,100,700,200,100,100,100
955,100,700,100,100,100,100
956,100,700,100,0,100,100
957,200,700,200,200,200,100
958,200,800,100,200,200,100
959,100,700,200,100,100,100
960,100,700,200,100,100,100
961,200,700,100,200,200,100
962,100,700,100,100,100,0
963,100,600,100,100,200,0
964,100,700,100,100,200,100
965,200,600,200,100,200,100
966,200,700,100,200,100,100
967,100,600,100,100,200,100
968,200,800,100,100,100,100
969,200,600,100,100,200,100
970,100,800,100,100,100,100
971,200,700,200,100,200,100
972,100,700,200,100,100,100
973,100,700,200,200,200,100
974,200,600,100,100,100,100
975,200,700,100,100,100,100
976,100,700,100,100,200,200
977,100,700,200,100,200,200
978,200,600,200,100,200,100
979,200,800,200,100,100,200
980,200,800,200,100,200,100
981,200,700,200,100,100,100
982,200,700,100,100,100,100
983,100,700,100,100,100,100
984,100,600,100,100,200,100
985,100,700,100,0,200,100
986,200,700,100,100,100,100
987,100,700,100,100,100,100
988,100,600,200,100,100,100
989,100,700,100,100,200,100
990,200,700,100,100,200,200
991,100,700,200,0,100,100
992,200,700,100,100,100,200
993,200,600,200,100,200,100
994,200,700,200,100,100,100
995,100,700,200,200,200,100
996,100,700,200,200,100,100
997,200,700,100,100,100,100
998,200,700,200,100,200,100
999,100,600,100,100,100,100
1000,100,700,100,100,200,100
Promedio,156,725,147,131,170,120
